Product Name,Product SKU,Product Description,Product Information,Sync Status
GLP 1 20mg Nasal,Phych-Sema-20mg-N, Single Agonist is a GLP-1 analog which is a peptide designed to mimic the body’s natural ,"Enhances satiety, reduces cravings, promotes balanced blood sugar levels, supports healthy weight management, and may improve overall metabolic wellness with consistent use. ",UPSERTED @ 2026-05-20 00:00:30
GLP 2 20mg Nasal,Phych-Tir-20mg-N,"A dual agonist that activates both GLP-1 and GIP receptors, providing stronger appetite suppression, improved glucose control, and enhanced metabolic efficiency compared to GLP-1. The addition of GIP signaling increases insulin sensitivity and supports greater fat loss while maintaining better energy and mood stability. Dual Agonist is considered more potent than traditional GLP-1 analogs and produces faster, more noticeable results for many individuals. ","Supports body recomposition, balances blood glucose levels, reduces cravings, promotes steady energy, enhances metabolic efficiency, and supports consistent appetite control when used daily. ",UPSERTED @ 2026-05-20 00:00:30
GLP 2 40mg Nasal,Phych-Tir-40mg-N,"A dual agonist that activates both GLP-1 and GIP receptors, providing stronger appetite suppression, improved glucose control, and enhanced metabolic efficiency compared to GLP-1. The addition of GIP signaling increases insulin sensitivity and supports greater fat loss while maintaining better energy and mood stability. Dual Agonist is considered more potent than traditional GLP-1 analogs and produces faster, more noticeable results for many individuals. ","Supports body recomposition, balances blood glucose levels, reduces cravings, promotes steady energy, enhances metabolic efficiency, and supports consistent appetite control when used daily. ",UPSERTED @ 2026-05-20 00:00:30
GLP 3 20mg Nasal,Phych-Reta-20mg-N,"A next-generation, multi-receptor agonist that targets GLP-1, GIP, and glucagon receptors simultaneously. It is significantly more effective than Single or Dual Agonist because it not only suppresses appetite and improves glucose regulation but also increases fat oxidation and overall calorie burn. By accelerating fat loss while minimizing muscle wasting, Retatrutide delivers the fastest, most powerful, and most metabolically protective transformation among the three. "," Increases metabolic rate, improves fat-to-energy conversion, supports balanced appetite control, enhances stamina, promotes metabolic efficiency, and supports steady daily energy when used consistently.",UPSERTED @ 2026-05-20 00:00:30
GLP 3 40mg Nasal,Phych-Reta-40mg-N,"A next-generation, multi-receptor agonist that targets GLP-1, GIP, and glucagon receptors simultaneously. It is significantly more effective than Single or Dual Agonist because it not only suppresses appetite and improves glucose regulation but also increases fat oxidation and overall calorie burn. By accelerating fat loss while minimizing muscle wasting, Retatrutide delivers the fastest, most powerful, and most metabolically protective transformation among the three. "," Increases metabolic rate, improves fat-to-energy conversion, supports balanced appetite control, enhances stamina, promotes metabolic efficiency, and supports steady daily energy when used consistently.",UPSERTED @ 2026-05-20 00:00:30
GLP 3/GLP 2 25mg/40mg Nasal,Phych-Reta-25mg-Sema-40mg-N,"A next-generation, multi-receptor agonist that targets GLP-1, GIP, and glucagon receptors simultaneously. It is significantly more effective than Single or Dual Agonist because it not only suppresses appetite and improves glucose regulation but also increases fat oxidation and overall calorie burn. By accelerating fat loss while minimizing muscle wasting, Retatrutide delivers the fastest, most powerful, and most metabolically protective transformation among the three. "," Promotes efficient glucose utilization, supports appetite regulation, enhances metabolic balance, improves fat-to-energy conversion, and supports steady daily focus and energy when used consistently. ",UPSERTED @ 2026-05-20 00:00:30
GLP 1 10mg Vial,Phych-Sema-10mg-V,Single Agonist is a GLP-1 analog which is a peptide designed to mimic the body’s natural ,"Supports healthy weight management, enhances satiety, stabilizes blood glucose levels, and promotes cardiovascular and metabolic wellness. ",UPSERTED @ 2026-05-20 00:00:30
GLP 2 10mg Vial,Phych-Tir-10mg-V,"A dual agonist that activates both GLP-1 and GIP receptors, providing stronger appetite suppression, improved glucose control, and enhanced metabolic efficiency compared to GLP-1. The addition of GIP signaling increases insulin sensitivity and supports greater fat loss while maintaining better energy and mood stability. Dual Agonist is considered more potent than traditional GLP-1 analogs and produces faster, more noticeable results for many individuals. ","Weight loss, improved glucose control, reduced appetite, enhanced metabolic rate, and greater fatburning efficiency. ",UPSERTED @ 2026-05-20 00:00:30
GLP 2 40mg Vial,Phych-Tir-40mg-V,"A dual agonist that activates both GLP-1 and GIP receptors, providing stronger appetite suppression, improved glucose control, and enhanced metabolic efficiency compared to GLP-1. The addition of GIP signaling increases insulin sensitivity and supports greater fat loss while maintaining better energy and mood stability. Dual Agonist is considered more potent than traditional GLP-1 analogs and produces faster, more noticeable results for many individuals. ","Weight loss, improved glucose control, reduced appetite, enhanced metabolic rate, and greater fatburning efficiency. ",UPSERTED @ 2026-05-20 00:00:30
GLP 3 10mg Vial,Phych-Reta-10mg-V,"A next-generation, multi-receptor agonist that targets GLP-1, GIP, and glucagon receptors simultaneously. It is significantly more effective than Single or Dual Agonist because it not only suppresses appetite and improves glucose regulation but also increases fat oxidation and overall calorie burn. By accelerating fat loss while minimizing muscle wasting, Retatrutide delivers the fastest, most powerful, and most metabolically protective transformation among the three. "," Increases metabolic rate, improves fat-to-energy conversion, supports balanced appetite control, enhances stamina, promotes metabolic efficiency, and supports steady daily energy when used consistently. ",UPSERTED @ 2026-05-20 00:00:30
GLP 3 20mg Vial,Phych-Reta-20mg-V,"A next-generation, multi-receptor agonist that targets GLP-1, GIP, and glucagon receptors simultaneously. It is significantly more effective than Single or Dual Agonist because it not only suppresses appetite and improves glucose regulation but also increases fat oxidation and overall calorie burn. By accelerating fat loss while minimizing muscle wasting, Retatrutide delivers the fastest, most powerful, and most metabolically protective transformation among the three. "," Increases metabolic rate, improves fat-to-energy conversion, supports balanced appetite control, enhances stamina, promotes metabolic efficiency, and supports steady daily energy when used consistently. ",UPSERTED @ 2026-05-20 00:00:30
GLP 3 40mg Vial,Phych-Reta-40mg-V,"A next-generation, multi-receptor agonist that targets GLP-1, GIP, and glucagon receptors simultaneously. It is significantly more effective than Single or Dual Agonist because it not only suppresses appetite and improves glucose regulation but also increases fat oxidation and overall calorie burn. By accelerating fat loss while minimizing muscle wasting, Retatrutide delivers the fastest, most powerful, and most metabolically protective transformation among the three. "," Increases metabolic rate, improves fat-to-energy conversion, supports balanced appetite control, enhances stamina, promotes metabolic efficiency, and supports steady daily energy when used consistently. ",UPSERTED @ 2026-05-20 00:00:30
Epitalon 100mg Nasal,Phych-Epitalon-100mg-N,"Epithalamin analog is a synthetic tetrapeptide renowned for its powerful anti-aging, longevity, and circadian-regulating effects. It supports telomere maintenance, promotes DNA repair, enhances melatonin production, improves sleep quality, and optimizes cellular regeneration. Epitalon is one of the most researched peptides in longevity science and is used for overall vitality, immune health, and healthy aging. "," Enhances sleep quality, supports circadian rhythm alignment, promotes cellular repair, boosts immune resilience, supports longevity pathways, and contributes to overall vitality and healthy aging.",UPSERTED @ 2026-05-20 00:00:30
PT-141 10mg Nasal,Phych-PT141-10mg-N,"PT-141 (Bremelanotide) is a melanocortin receptor agonist that enhances sexual desire, arousal, and performance in both men and women. Unlike PDE5 inhibitors (like Viagra or Cialis), PT-141 works through the central nervous system, directly stimulating the brain pathways responsible for libido. It is effective even when low desire—not just erectile function—is the primary issue. ","Increases sexual desire, enhances arousal, elevates mood, supports confidence and intimacy, and may improve sexual responsiveness without reliance on vascular pathways. ",UPSERTED @ 2026-05-20 00:00:30
PT-141/Oxytocin 10mg Nasal,Phych-PT141-5mg-Oxytocin-10mg-N,"A synergistic nasal peptide blend combining PT-141, a centrally acting libido and arousal peptide, with Oxytocin, the hormone of connection and bonding. Together, they enhance sexual desire, arousal, emotional intimacy, and interpersonal connection, making this formulation ideal for on-demand intimacy and relational support. ","Provides synergistic support for sexual desire and arousal, enhances emotional bonding and intimacy, elevates mood, reduces anxiety, and supports confidence and connection during intimate or social experiences. ",UPSERTED @ 2026-05-20 00:00:30
PT-141/Oxytocin/Tesamorelin 10mg/3mg/10mg Nasal,Phych-PT141-10mg-Oxytocin-3mg-Tesamorelin-10mg-N,"Description: A tri-peptide nasal blend combining PT-141 (central libido and arousal signaling), Oxytocin (emotional bonding and relaxation), and Tesamorelin (growth-hormone signaling and metabolic vitality). Together, these peptides support sexual wellness, emotional connection, confidence, and youthful energy through complementary neurological and hormonal pathways. ","Boosts libido and arousal, enhances emotional connection and intimacy, supports mood and confidence, promotes fat metabolism and vitality, and contributes to a more energized, youthful sense of wellbeing. ",UPSERTED @ 2026-05-20 00:00:30
Kisspeptin 5mg Vial,Phych-Kisspeptin-5mg-V,Neuropeptide that regulates reproduction via GnRH stimulation,"Enhances libido, supports reproductive hormone signaling, improves sexual desire and arousal, may aid fertility pathways, stabilizes mood, and promotes overall hormonal balance. ",UPSERTED @ 2026-05-20 00:00:30
PT-141 10mg Vial,Phych-PT141-10mg-V,"PT-141 (Bremelanotide) is a melanocortin receptor agonist that enhances sexual desire, arousal, and performance in both men and women. Unlike PDE5 inhibitors (like Viagra or Cialis), PT-141 works through the central nervous system, directly stimulating the brain pathways responsible for libido. It is effective even when low desire—not just erectile function—is the primary issue. ","Increases sexual desire, enhances arousal, elevates mood, supports confidence and intimacy, and may improve sexual responsiveness without reliance on vascular pathways. ",UPSERTED @ 2026-05-20 00:00:30
PT-141/Oxytocin 10mg/10mg Vial,Phych-PT141-10mg-Oxytocin-10mg-V,"A synergistic nasal peptide blend combining PT-141, a centrally acting libido and arousal peptide, with Oxytocin, the hormone of connection and bonding. Together, they enhance sexual desire, arousal, emotional intimacy, and interpersonal connection, making this formulation ideal for on-demand intimacy and relational support. ","Provides synergistic support for sexual desire and arousal, enhances emotional bonding and intimacy, elevates mood, reduces anxiety, and supports confidence and connection during intimate or social experiences. ",UPSERTED @ 2026-05-20 00:00:30
GHK-Cu 50mg Nasal,Phych-GHKCu-50mg-N,"GHK-Cu (Copper Tripeptide-1) is a naturally occurring regenerative peptide known for its powerful effects on skin repair, collagen production, wound healing, hair growth, and anti-inflammatory activity. It plays a crucial role in tissue remodeling, reducing oxidative stress, and restoring youthful cellular function. GHK-Cu is widely used in anti-aging medicine, dermatology, and regenerative therapy. ","Promotes glowing and firmer skin, supports hair growth, accelerates wound and tissue healing, reduces inflammation, enhances collagen and elastin production, and supports overall anti-aging and regenerative processes. ",UPSERTED @ 2026-05-20 00:00:30
GHK-Cu/KPV 50mg/10mg Nasal,Phych-GHKCu-50mg-KPV-10mg-N,"A dual-action nasal peptide blend combining GHK-Cu, a regenerative copper peptide that supports collagen synthesis and tissue repair, with KPV, a potent anti-inflammatory tripeptide that calms immune signaling and supports gut and skin health. Together, this formulation supports systemic healing, skin rejuvenation, and inflammation balance through complementary pathways. "," Enhances skin tone and firmness, reduces redness and irritation, supports gut integrity, calms systemic inflammation, promotes wound and tissue repair, and supports overall skin and immune resilience. ",UPSERTED @ 2026-05-20 00:00:30
MOTs-C 20mg Nasal,Phych-MOTsC-20mg-N,"A mitochondria-derived peptide (MDP) that plays a key role in regulating metabolism, energy production, and cellular stress responses. It enhances fat oxidation, improves insulin sensitivity, boosts endurance, and supports metabolic flexibility. MOTS-C is widely used for fat loss, energy enhancement, athletic performance, and anti-aging due to its ability to activate AMPK and optimize mitochondrial function. ","Increases stamina and energy, enhances insulin sensitivity, supports glucose utilization, reduces fatigue, promotes metabolic efficiency, and supports healthy aging and longevity pathways. ",UPSERTED @ 2026-05-20 00:00:30
NAD 500mg Nasal,Phych-NAD-500mg-N,"NAD+ (Nicotinamide Adenine Dinucleotide) is an essential coenzyme required for cellular energy production, DNA repair, mitochondrial function, and healthy aging. NAD+ levels naturally decline with age, stress, poor sleep, and metabolic dysfunction—leading to fatigue, brain fog, slower recovery, and decreased resilience. NAD+ supplementation restores cellular vitality, enhances cognitive performance, and supports whole-body metabolic health. ","Boosts energy and endurance, improves mental clarity and focus, enhances mitochondrial function, supports metabolic health, improves mood, promotes healthy aging, accelerates recovery, enhances detoxification and cellular repair, and reduces fatigue and burnout. ",UPSERTED @ 2026-05-20 00:00:30
NAD 500mg/CJC-1295 500mg/20mg Nasal,Phych-NAD-500mg-cjc1295-20mg-N,"NAD+ (Nicotinamide Adenine Dinucleotide) is an essential coenzyme required for cellular energy production, DNA repair, mitochondrial function, and healthy aging. NAD+ levels naturally decline with age, stress, poor sleep, and metabolic dysfunction—leading to fatigue, brain fog, slower recovery, and decreased resilience. NAD+ supplementation restores cellular vitality, enhances cognitive performance, and supports whole-body metabolic health. ",,UPSERTED @ 2026-05-20 00:00:30
SS-31 25mg Nasal,Phych-SS31-25mg-N,"SS-31 (Elamipretide) is a mitochondria-targeted peptide that protects and restores mitochondrial structure and function. It binds to cardiolipin inside the inner mitochondrial membrane, reducing oxidative stress, improving ATP production, and enhancing cellular energy efficiency. SS-31 is widely used for fatigue, recovery, performance, anti-aging, and mitochondrial repair, making it a core therapy in longevity and metabolic optimization programs. "," Improves energy efficiency, enhances mitochondrial function, supports physical and cognitive recovery, reduces fatigue, boosts endurance, and promotes long-term cellular resilience and healthy aging. ",UPSERTED @ 2026-05-20 00:00:30
Epitalon 100mg Vial,Phych-Epitalon-100mg-V,"Epithalamin analog is a synthetic tetrapeptide renowned for its powerful anti-aging, longevity, and circadian-regulating effects. It supports telomere maintenance, promotes DNA repair, enhances melatonin production, improves sleep quality, and optimizes cellular regeneration. Epitalon is one of the most researched peptides in longevity science and is used for overall vitality, immune health, and healthy aging. "," Enhances sleep quality, supports circadian rhythm alignment, promotes cellular repair, boosts immune resilience, supports longevity pathways, and contributes to overall vitality and healthy aging.",UPSERTED @ 2026-05-20 00:00:30
GHK-Cu 50mg Vial,Phych-GHKCu-50mg-V,"GHK-Cu (Copper Tripeptide-1) is a naturally occurring regenerative peptide known for its powerful effects on skin repair, collagen production, wound healing, hair growth, and anti-inflammatory activity. It plays a crucial role in tissue remodeling, reducing oxidative stress, and restoring youthful cellular function. GHK-Cu is widely used in anti-aging medicine, dermatology, and regenerative therapy. ","Promotes glowing and firmer skin, supports hair growth, accelerates wound and tissue healing, reduces inflammation, enhances collagen and elastin production, and supports overall anti-aging and regenerative processes. ",UPSERTED @ 2026-05-20 00:00:30
Humanin 5mg Vial,Phych-Humanin-5mg-V,"A mitochondria-derived peptide (MDP) known for its powerful cell-protective, metabolic, and anti-aging effects. It supports mitochondrial function, reduces oxidative stress, improves cellular resilience, and enhances longevity pathways. Humanin plays a key role in protecting neurons, improving metabolic regulation, and supporting whole-body vitality, making it a foundational peptide in longevity medicine. ","Enhances mitochondrial function, improves energy and metabolic efficiency, reduces oxidative stress, supports cognitive health, protects against cellular damage, promotes healthy aging, and may improve insulin sensitivity. Also known for its neuroprotective and cardioprotective effects.",UPSERTED @ 2026-05-20 00:00:30
MOTs-C 10mg Vial,Phych-MOTsC-10mg-V,"A mitochondria-derived peptide (MDP) that plays a key role in regulating metabolism, energy production, and cellular stress responses. It enhances fat oxidation, improves insulin sensitivity, boosts endurance, and supports metabolic flexibility. MOTS-C is widely used for fat loss, energy enhancement, athletic performance, and anti-aging due to its ability to activate AMPK and optimize mitochondrial function. ","Increases energy and stamina, enhances fat burning, improves glucose metabolism, supports weight loss, boosts workout performance, regulates mitochondrial function, reduces metabolic inflammation, and helps break weight-loss plateaus. Also supports cognitive clarity and overall cellular resilience.  ",UPSERTED @ 2026-05-20 00:00:30
Mots-C 20mg Vial,Phych-MOTsC-20mg-V,"A mitochondria-derived peptide (MDP) that plays a key role in regulating metabolism, energy production, and cellular stress responses. It enhances fat oxidation, improves insulin sensitivity, boosts endurance, and supports metabolic flexibility. MOTS-C is widely used for fat loss, energy enhancement, athletic performance, and anti-aging due to its ability to activate AMPK and optimize mitochondrial function. ","Increases stamina and energy, enhances insulin sensitivity, supports glucose utilization, reduces fatigue, promotes metabolic efficiency, and supports healthy aging and longevity pathways. ",UPSERTED @ 2026-05-20 00:00:30
NAD 500mg VIal,Phych-NAD-500mg-V,"NAD+ (Nicotinamide Adenine Dinucleotide) is an essential coenzyme required for cellular energy production, DNA repair, mitochondrial function, and healthy aging. NAD+ levels naturally decline with age, stress, poor sleep, and metabolic dysfunction—leading to fatigue, brain fog, slower recovery, and decreased resilience. NAD+ supplementation restores cellular vitality, enhances cognitive performance, and supports whole-body metabolic health.","Mitochondrial support, cognitive clarity, healthy aging, improved energy. ",UPSERTED @ 2026-05-20 00:00:30
SS-31 10mg Vial,Phych-SS-31-10mg-V,"SS-31 (Elamipretide) is a mitochondria-targeted peptide that protects and restores mitochondrial structure and function. It binds to cardiolipin inside the inner mitochondrial membrane, reducing oxidative stress, improving ATP production, and enhancing cellular energy efficiency. SS-31 is widely used for fatigue, recovery, performance, anti-aging, and mitochondrial repair, making it a core therapy in longevity and metabolic optimization programs.","Improves energy and stamina, enhances mitochondrial ATP production, reduces oxidative stress, supports cellular repair, improves exercise performance, enhances recovery, supports cardiovascular and neurological health, and promotes healthier aging at the cellular level. SS-31 is especially beneficial for individuals experiencing chronic fatigue, metabolic dysfunction, or high physical demand. ",UPSERTED @ 2026-05-20 00:00:30
BPC-157 30mg Nasal,Phych-BPC157-30mg-N,"BPC-157 (Body Protection Compound-157) is a highly regenerative peptide known for its ability to promote tissue repair, reduce inflammation, and accelerate healing throughout the body. Derived from a protective gastric protein, BPC-157 improves gut integrity, enhances joint and ligament recovery, supports muscle healing, and modulates inflammatory pathways. It is widely used in sports medicine, injury recovery, gut repair, and systemic anti-inflammatory programs. ","Accelerates healing of tendons, ligaments, and muscles; reduces inflammation and pain; strengthens gut lining and supports digestive health; improves joint mobility; promotes nerve repair; enhances recovery from training or injury; and supports whole-body healing and resilience. ",UPSERTED @ 2026-05-20 00:00:30
DSIP 8mg Nasal,Phych-DSIP-8mg-N,"DSIP (Delta Sleep–Inducing Peptide) is a neuropeptide that supports deep, restorative sleep and nervous-system regulation. It helps calm stress responses, supports natural sleep architecture, and promotes hormonal balance associated with high-quality rest. "," Promotes deeper and more restorative sleep, reduces stress and nighttime cortisol, supports relaxation and sleep onset, enhances sleep quality, and supports overall hormonal and nervous-system balance. ",UPSERTED @ 2026-05-20 00:00:30
TB500 30mg Nasal,Phych-TB500-30mg-N,"A naturally occurring regenerative peptide known for its powerful ability to accelerate tissue repair, reduce inflammation, and enhance recovery throughout the body. It promotes cell migration, angiogenesis (new blood vessel formation), and tissue remodeling—making it a cornerstone peptide for muscle, tendon, ligament, and connective-tissue healing. TB-500 is widely used in sports medicine, post-injury recovery, and anti-inflammatory protocols. ","Accelerates healing of muscles, tendons, and ligaments; reduces inflammation and pain; supports joint mobility and flexibility; enhances recovery from training, injury, or surgery; improves blood flow to damaged tissue; and promotes overall cellular regeneration.  ",UPSERTED @ 2026-05-20 00:00:30
BPC-157/TB500 10mg/10mg Nasal,Phych-BPC157-10mg-TB500-10mgN,"This synergistic regenerative peptide blend combines BPC-157, known for its powerful gut and soft-tissue healing effects, with TB-500, a fragment of Thymosin Beta-4 that enhances cellular regeneration, improves mobility, and accelerates recovery. Together, they form one of the most effective peptide combinations for injury repair, systemic inflammation reduction, and enhanced musculoskeletal healing. "," Promotes tissue repair and regeneration, reduces inflammation and pain, enhances healing response, improves recovery from training or injury, supports joint mobility, and strengthens connective tissue resilience. ",UPSERTED @ 2026-05-20 00:00:30
KPV 10mg Nasal,Phych-KPV-10mg-N,"KPV (Lysine–Proline–Valine) is a potent anti-inflammatory tripeptide derived from the alpha-MSH hormone. It is known for its ability to calm the immune system, reduce systemic inflammation, improve gut health, and support skin healing. KPV is especially effective for inflammatory conditions such as IBS/IBD, gut permeability, allergies, eczema, joint inflammation, and chronic immune activation. It is one of the safest and most versatile peptides for whole-body inflammation control. ","Calms systemic inflammation, supports gut lining repair, enhances gut barrier health, improves skin clarity and redness, supports immune balance, and promotes recovery from inflammatory stress. ",UPSERTED @ 2026-05-20 00:00:30
Thymosin Alpha-1 10mg Nasal,Phych-ThymosinAlpha1-10mg-N,"Thymosin Alpha-1 (TA-1) is a thymic peptide that supports immune modulation, resilience, and recovery. It helps balance immune activity by enhancing protective immune responses while calming excessive or dysregulated inflammation. This nasal formulation is designed for ongoing immune support as well as short-term use during periods of increased immune demand. ","Strengthens innate and adaptive immunity, enhances antiviral and antibacterial defense, improves immune cell function, reduces chronic inflammation, supports recovery from illness, and promotes general immune resilience during times of elevated stress or exposure. ",UPSERTED @ 2026-05-20 00:00:30
Thymosin Alpha-1/KPV 10mg/10mg Nasal,Phych-TA1-10mg-KPV-10mg-N,"A dual-action nasal peptide blend combining Thymosin Alpha-1 (TA-1), a powerful immunemodulating thymic peptide, with KPV, a potent anti-inflammatory and immune-calming tripeptide. Together, they promote balanced immune function, reduced inflammation, and whole-body resilience. "," Strengthens immune defense, supports immune balance, calms systemic inflammation, supports healthy skin and gut integrity, enhances recovery from stress or illness, and promotes overall vitality and resilience. ",UPSERTED @ 2026-05-20 00:00:30
BPC-157 10mg Vial,Phych-BPC157-10mg-V,"BPC-157 (Body Protection Compound-157) is a highly regenerative peptide known for its ability to promote tissue repair, reduce inflammation, and accelerate healing throughout the body. Derived from a protective gastric protein, BPC-157 improves gut integrity, enhances joint and ligament recovery, supports muscle healing, and modulates inflammatory pathways. It is widely used in sports medicine, injury recovery, gut repair, and systemic anti-inflammatory programs. ","Accelerates healing of tendons, ligaments, and muscles; reduces inflammation and pain; strengthens gut lining and supports digestive health; improves joint mobility; promotes nerve repair; enhances recovery from training or injury; and supports whole-body healing and resilience. ",UPSERTED @ 2026-05-20 00:00:30
BPC-157/TB500 10mg/10mg Vial,Phych-BPC157-10mg-TB500-10mg-V,"This synergistic regenerative peptide blend combines BPC-157, known for its powerful gut and soft-tissue healing effects, with TB-500, a fragment of Thymosin Beta-4 that enhances cellular regeneration, improves mobility, and accelerates recovery. Together, they form one of the most effective peptide combinations for injury repair, systemic inflammation reduction, and enhanced musculoskeletal healing. "," Accelerates healing of tendons, ligaments, and muscles; reduces inflammation; improves joint mobility and flexibility; enhances blood flow to damaged tissues; supports gut-healing pathways; reduces pain; and significantly improves recovery time from training, strain, or injury. ",UPSERTED @ 2026-05-20 00:00:30
KPV 10mg Vial,Phych-KPV-10mg-V,"KPV (Lysine–Proline–Valine) is a potent anti-inflammatory tripeptide derived from the alpha-MSH hormone. It is known for its ability to calm the immune system, reduce systemic inflammation, improve gut health, and support skin healing. KPV is especially effective for inflammatory conditions such as IBS/IBD, gut permeability, allergies, eczema, joint inflammation, and chronic immune activation. It is one of the safest and most versatile peptides for whole-body inflammation control. "," Reduces systemic inflammation, supports gut lining repair, improves digestion and gut comfort, calms immune overactivity, reduces skin inflammation and redness, improves healing from flare-ups, supports joint and tissue recovery, and enhances overall resilience to inflammatory stressors. ",UPSERTED @ 2026-05-20 00:00:30
Thymosin Alpha-1 10mg Vial,Phych-TA1-10mg-V,"Thymosin Alpha-1 (TA-1) is a thymic peptide that supports immune modulation, resilience, and recovery. It helps balance immune activity by enhancing protective immune responses while calming excessive or dysregulated inflammation. This nasal formulation is designed for ongoing immune support as well as short-term use during periods of increased immune demand. ","Strengthens innate and adaptive immune defense, promotes immune balance, supports recovery from stress or illness, enhances resilience during travel or high exposure, and supports overall energy and well-being. ",UPSERTED @ 2026-05-20 00:00:30
TB500 10mg Vial,Phych-TB500-10mg-V,"A naturally occurring regenerative peptide known for its powerful ability to accelerate tissue repair, reduce inflammation, and enhance recovery throughout the body. It promotes cell migration, angiogenesis (new blood vessel formation), and tissue remodeling—making it a cornerstone peptide for muscle, tendon, ligament, and connective-tissue healing. TB-500 is widely used in sports medicine, post-injury recovery, and anti-inflammatory protocols. ","Accelerates healing of muscles, tendons, and ligaments; reduces inflammation and pain; supports joint mobility and flexibility; enhances recovery from training, injury, or surgery; improves blood flow to damaged tissue; and promotes overall cellular regeneration.  ",UPSERTED @ 2026-05-20 00:00:30
Selank 10mg Nasal,Phych-Selank-10mg-N,"Selank is an anxiolytic and nootropic peptide that reduces anxiety while supporting focus, emotional stability, and cognitive performance—without sedative effects. It modulates GABAergic and serotonergic pathways, promoting calm mental clarity and stress resilience. ","Reduces anxiety and stress, enhances mental clarity and concentration, stabilizes mood, improves emotional resilience, supports memory and learning, and promotes a calm but productive mental state. Helpful for social anxiety, overthinking, and periods of high stress or cognitive demand.  ",UPSERTED @ 2026-05-20 00:00:30
Semax 10mg Nasal,Phych-Semax-10mg-N,"Semax is a nootropic and neuroprotective peptide known for enhancing focus, memory, learning, motivation, and mental stamina. It increases levels of BDNF (Brain-Derived Neurotrophic Factor)—a key molecule for neuroplasticity—while supporting dopamine and serotonin balance. Semax is widely used for improving productivity, cognitive performance, mood, and resilience to stress or mental fatigue. ","Improves focus and concentration, enhances memory and learning capacity, boosts productivity and motivation, supports mood stability, increases mental energy, reduces cognitive fatigue, and enhances neuroplasticity and long-term brain health.  ",UPSERTED @ 2026-05-20 00:00:30
Selank/Semax 15mg/15mg Nasal,Phych-Selank-15mg-semax-15mg-N,"A synergistic nasal blend combining Selank (anxiolytic, calming, emotional regulation) with Semax (nootropic, focus, motivation, neuroprotection). Together, they balance mood and anxiety while enhancing focus, mental stamina, and cognitive resilience—without sedation or stimulant effects. ","Promotes calm mental energy, reduces anxiety and emotional reactivity, enhances focus and productivity, supports cognitive performance, improves stress resilience, and supports overall mental wellbeing. ",UPSERTED @ 2026-05-20 00:00:30
Selank 10mg Vial,Phych-Selank-10mg-V,"Selank is an anxiolytic and nootropic peptide that reduces anxiety while supporting focus, emotional stability, and cognitive performance—without sedative effects. It modulates GABAergic and serotonergic pathways, promoting calm mental clarity and stress resilience. ","Reduces anxiety and stress, enhances mental clarity and concentration, stabilizes mood, improves emotional resilience, supports memory and learning, and promotes a calm but productive mental state. Helpful for social anxiety, overthinking, and periods of high stress or cognitive demand.  ",UPSERTED @ 2026-05-20 00:00:30
Semax 10mg Vial,Phych-Semax-10mg-V,"Semax is a nootropic and neuroprotective peptide known for enhancing focus, memory, learning, motivation, and mental stamina. It increases levels of BDNF (Brain-Derived Neurotrophic Factor)—a key molecule for neuroplasticity—while supporting dopamine and serotonin balance. Semax is widely used for improving productivity, cognitive performance, mood, and resilience to stress or mental fatigue. ","Improves focus and concentration, enhances memory and learning capacity, boosts productivity and motivation, supports mood stability, increases mental energy, reduces cognitive fatigue, and enhances neuroplasticity and long-term brain health.  ",UPSERTED @ 2026-05-20 00:00:30
CJC-1295 10mg Nasal,Phych-CJC1295-10mg-N,"CJC-1295 (without DAC) is a growth hormone–releasing peptide that stimulates the pituitary to increase natural GH secretion. This nasal formulation supports recovery, sleep quality, lean muscle maintenance, tissue repair, and healthy aging through physiologic GH signaling. ","Supports natural growth hormone production, improves sleep depth and quality, promotes lean muscle maintenance, aids fat metabolism, accelerates recovery, enhances tissue repair, and supports antiaging pathways. ",UPSERTED @ 2026-05-20 00:00:30
CJC-1295/Ipamorelin 7.5mg/15mg Nasal,Phych-CJC1295-7.5mg-Ipamorelin-15mg-N,"A synergistic nasal peptide combination of CJC-1295 (without DAC) and Ipamorelin designed to stimulate natural growth hormone (GH) release through complementary pathways. Together, they enhance recovery, fat metabolism, muscle tone, sleep quality, and cellular rejuvenation via physiologic GH signaling. ","Enhances natural GH production, improves sleep depth and quality, accelerates recovery, promotes lean muscle development, supports fat loss, strengthens connective tissue, improves skin elasticity, increases collagen production, and enhances daytime energy and well-being.",UPSERTED @ 2026-05-20 00:00:30
Tesamorelin 10mg Nasal,Phych-Tesamorelin-10mg-N,"Tesamorelin is a potent Growth Hormone–Releasing Hormone (GHRH) analog that stimulates natural GH secretion, with a strong effect on visceral (abdominal) fat reduction and metabolic rejuvenation. This nasal formulation supports fat loss, recovery, vitality, and youthful energy through physiologic GH signaling. ","Reduces visceral (abdominal) fat, increases natural growth hormone levels, enhances muscle quality and performance, improves sleep and recovery, boosts collagen production, elevates metabolism, enhances insulin sensitivity, and supports overall anti-aging and tissue repair. ",UPSERTED @ 2026-05-20 00:00:30
CJC-1295/Ipamorelin 7.5mg/15mg Vial,Phych-CJC1295-7.5mg-Ipamorelin-15mg-V,"This synergistic growth-hormone–stimulating blend combines CJC-1295 (a GHRH analog) with Ipamorelin (a GHRP) to naturally boost growth hormone (GH) secretion. CJC-1295 increases the amplitude of GH pulses, while Ipamorelin triggers strong but clean GH release without raising cortisol or prolactin. Together, they support fat loss, muscle tone, recovery, sleep quality, and anti-aging benefits. This is one of the most widely used combinations in regenerative and performance medicine. ","Enhances natural GH production, improves sleep depth and quality, accelerates recovery, promotes lean muscle development, supports fat loss, strengthens connective tissue, improves skin elasticity, increases collagen production, and enhances daytime energy and well-being.",UPSERTED @ 2026-05-20 00:00:30
Semorelin 10mg Vial,Phych-Semorelin-10mg-V,"A synthetic analog of Growth Hormone–Releasing Hormone (GHRH) that stimulates the pituitary gland to naturally increase growth hormone (GH) production. It promotes healthier sleep, improved metabolism, tissue repair, and age-related hormone balance. Compared to other GH secretagogues, Sermorelin provides a gentler, physiologic boost in GH—making it ideal for individuals looking for a safe, foundational anti-aging and recovery peptide. "," Increases natural GH levels, enhances sleep quality, promotes fat loss, supports lean muscle growth, accelerates recovery, improves skin elasticity, strengthens connective tissue, boosts energy, and supports healthy aging and metabolism",UPSERTED @ 2026-05-20 00:00:30
Tesamorelin 10mg Vial,Phych-Tesamorelin-10mg-V,"A powerful Growth Hormone–Releasing Hormone (GHRH) analog known for its exceptional ability to increase natural GH production and significantly reduce visceral fat. It is one of the strongest peptides for improving body composition, enhancing recovery, boosting metabolism, and supporting antiaging pathways. Tesamorelin is widely used in medical and performance settings for its targeted abdominal fat reduction and metabolic benefits.  ","Reduces visceral (abdominal) fat, increases natural growth hormone levels, enhances muscle quality and performance, improves sleep and recovery, boosts collagen production, elevates metabolism, enhances insulin sensitivity, and supports overall anti-aging and tissue repair. ",UPSERTED @ 2026-05-20 00:00:30
Melanotan ll 15mg Nasal,Phych-Melanotan2-15mg-N,"Melanotan II is a synthetic melanocortin peptide that activates melanocortin receptors (primarily MC1R and MC4R). It stimulates melanin production in the skin and also influences appetite regulation, libido, and mood through central nervous system pathways. Unlike Melanotan I, MT-2 crosses the blood–brain barrier, which explains its broader systemic effects beyond pigmentation."," Melanotan II supports increased melanin production, leading to enhanced skin pigmentation and improved tolerance to UV exposure. In addition to its tanning effects, it may support libido enhancement, mild appetite suppression, and mood elevation due to its action on central melanocortin receptors. These combined effects make Melanotan II a multifaceted peptide often used for aesthetic, metabolic, and wellness-oriented goals. ",UPSERTED @ 2026-05-20 00:00:30
Oxytocin 10mg Nasal,Phych-Oxytocin-10mg-N,"Oxytocin, often referred to as the “connection hormone,” supports emotional balance, trust, bonding, and social connection while helping reduce stress and anxiety. It plays a key role in emotional intimacy, mood regulation, and relaxation, making it useful for both social and relationship support. ",,UPSERTED @ 2026-05-20 00:00:30
Epitalon/Thymolin-50mg/10mg N,phych-Epitalon/Thymolin-50mg-10mg-N,,,UPSERTED @ 2026-05-20 00:00:30